title,url,description
ブドウ - Wikipedia,https://ja.wikipedia.org/wiki/%E3%83%96%E3%83%89%E3%82%A6,"ブドウ（葡萄、英名 ""Grape""、学名 Vitis spp.）は、ブドウ科 (Vitaceae) のつる性落葉低木である。また、その果実のこと。 目次. [非表示]. 1 概要; 2 栽培法; 3 歴史; 4 利用; 5 生産. 5.1 世界; 5.2 日本. 6 分類. 6.1 ブドウ属. 6.1.1 西アジア種群; 6.1.2 北米種群; 6.1.3 東アジア種群; 6.1.4 ヨーロッパ・ブドウの台木に使われるブドウの原種. 6.2 マスカダイン属. 7 品種; 8 種無しブドウ; 9 生産国. 9.1 日本国内の主な産地; 9.2 日本国外の主な産地. 10 脚注. 10.1 注釈; 10.2 出典. 11 参考文献; 12 関連項目; 13 外部リンク ..."
ぶどう ブドウ 葡萄／の品種一覧：旬の果物百科 - フーズリンク,http://foodslink.jp/syokuzaihyakka/syun/fruit/budou1.htm,巨峰やキャンベルアーリー、ナガノパープルなど黒から赤色の品種を33種、シャインマスカットやナイアガラ、マスカットアレキサンドリアなどの青（白）や黄色いぶどうを14種、その他、クリムゾンシードレスやトンプソンシードレスなどの輸入ぶどう品種を7種、トータルで現在市場に出回っているぶどうの主な品種54種類を写真で一覧に掲載しています。各品種名か画像をクリックしていただければそれぞれの来歴や特徴、食味、産地や旬の時期などの解説と画像一覧のページに進めます。。
【楽天市場】ブドウ | 人気ランキング1位～（売れ筋商品）,https://ranking.rakuten.co.jp/daily/304609/,楽天ランキング－「ブドウ」（フルーツ・果物 ＜ 食品）の人気商品ランキング！口コミ（レビュー）も多数。今、売れている商品はコレ！話題の最新トレンドをリアルタイムにチェック。価格別、年代別、男女別の週間･月間ランキングであなたの欲しい！がきっと見つかります。更新日:2018/01/13.
ぶどう｜産地直送 通販 お取り寄せJAタウン,http://www.ja-town.com/shop/f/f1060/,ぶどう｜全国各地から農畜産物・名産品をお取り寄せ！通販産地直送JAタウン.
ぶどうの白あえ レシピ 斉藤 辰夫さん｜【みんなのきょうの料理】おいしい ...,https://www.kyounoryouri.jp/recipe/41989_%E3%81%B6%E3%81%A9%E3%81%86%E3%81%AE%E7%99%BD%E3%81%82%E3%81%88.html,"2017/09/28 - 斉藤 辰夫さんのぶどう,木綿豆腐を使った「ぶどうの白あえ」のレシピページです。時間がたつとぶどうの水分が出てしまうので、食べる直前にあえるのがコツ。コクのあるあえ衣とぶどうがよく合います。 材料: ぶどう、木綿豆腐、練りごま、砂糖、水、A."
ぶどう情報 2017 - 歩楽～里（ぶら～り）よこぜ,http://www.yokoze.org/2017/11/18263/,2017/11/20 - ぶどう情報 2017. 【平成29年11月20日現在】. 小松沢レジャー農園では、ぶどう狩りの他にさつまいも堀りも出来ます♪さつまいも堀りは、汚れてもよい靴や服装でお楽しみください。 詳しくは各農園又はブコーさん観光案内所（ ☎ 0494-25-0450）までお問い合わせください。 また、今年度販売を終了した農園さんから「今年もたくさんの方々にお越しいただきありがとうございました。来年も皆さまから喜ばれるぶどうを食べていただけるよう、準備を整えてまいります。」と、お話を頂戴しています。 ※開園状況 ...
#ぶどう hashtag on Twitter,https://twitter.com/hashtag/%E3%81%B6%E3%81%A9%E3%81%86,"On Jan 9 @MAFF_JAPAN tweeted: ""【Facebook】 #ぶどう といえば夏から秋のイメージですが、冬に食べられる.."" - read what others are saying and join the conversation."
釈迦堂東口園～もも狩り・ぶどう狩り～,http://www.katsunuma.ne.jp/~shakado/momo/momongari.htm,桃狩り・ぶどう狩り・・・って. 桃狩りにおいでたお客様に「畑に桃を取りに行きますか」と、申し上げると怪訝な顔をされて「桃狩りは、畑で桃を取るのが桃狩りじゃあないの」とおっしゃいます。全くその通りです。別のお客様に同じことを申し上げると「お腹いっぱい食べたい」「食べ放題をしたい」とおっしゃいます。ぶどう狩りについても同様です。 時には、畑に着いてからどうもお客様の目的と違うようで、ほんとうは食べ放題だった、というようなこともあります。 で、釈迦堂東口園では、お客様がご自宅を出られたとき、もうすでに桃 ...
【価格.com】ぶどう | 通販・価格比較・製品情報,http://kakaku.com/food/ss_0028_0015/0006/,ぶどうの通販サイトを探すなら、まずは価格.comをチェック！全国のネット通販ショップをまとめて検索。お目当ての商品が簡単に探せます。
葡萄10 - 葡萄（ぶどう）の基本性格｜FORTUNE（占い）｜ SPUR,https://spur.hpplus.jp/fortune/fruitfortune_character/201704/03/QiGUSUY/,2017/04/03 - プルンとした小粒の実を集めて、ギッシリとたわわに実る葡萄。あなたは、そんな葡萄のように、小さな経験やささやかな思いを大切に積み重ねていくことで、自分なりの個性や魅力を作り上げていく人です。 敏感で、物事を深く考えるため、何事にも慎重。そのために、やや臆病で、何でも少しずつ自分のものにしていく、スローなタイプ。新しいことや突発的な出来事には、うまく対処できなかったり、“始まりに弱い&rd...
神奈川発のぶどう狩りバスツアープラン一覧 | たびらいバスツアー予約,http://www.tabirai.net/bus/plan/list/?region=04&pref=14&thl=7&thm=1&ths=603,ぶどう狩りに行くバスツアーを紹介します。 ぶどう狩りへ行くバスツアーをご紹介。大きさも色も様々で、たくさんの種類があるぶどう。日持ちがしないので、新鮮なうちに食べられるのが魅力だったり、お土産付きのツアーもご用意。
山梨県 JAフルーツ山梨岩崎直売所一階 | 料亭 ぶどうの章,http://www.keizan.com/budou/budou.html,"ぶどう（畳席）. もも（畳席）. 110席畳席（一部テーブル席有り）. 完全予約制 / 無料送迎有り; （2,500円以上のお料理のご注文で、10名様以上のご利用のみ）; ※送迎不可能の日もございますので、必ずご確認ください。 ――――――――― お申し込み・お問い合わせ ―――――――――; JAフルーツ山梨岩崎直売所一階; 料 亭 ぶどうの章; 【休館日： 12月31日～1月3日】; 〒409-1314 山梨県甲州市勝沼町藤井280-3; （株）MCフーズ 予約センター; 【受付時間： AM10:00～PM7:00】; TEL.055-262-2210 ..."
ぶどう L｜書体見本｜FONTWORKS | フォントワークス,https://fontworks.co.jp/fontsearch/item?BudoStd-L,書体デザイナーからのコメント］ 文字組みの香りや雰囲気を大切にしたいという気持ちから出発したフォントです。ひとつひとつの文字のデザインはシンプルに。しかし、文章を組むと互いの文字が共鳴しあって、その書体の持つ雰囲気が文字組みの表面以上に香り立ってくるような...香りと機能、風情と洗練、伝統とモダン。文化の大きな要素である書体デザインに日本文化のエッセンスと時代に合ったスマート感を自分のフィルターで表現しました。
船坂ぶどう組合 ぶどう狩り | 智頭急行株式会社,http://www.chizukyu.co.jp/chizukyu/guide/kamigori/budougari/,船坂の16件の農家が栽培したマスカット、ベリーA、ピオーネ、紅瑞宝、藤稔などのブドウの出荷が始まりました。
Amazon.co.jp： サントリー チューハイ こくしぼり 芳醇ぶどう 350ml×24本 ...,https://www.amazon.co.jp/%E3%82%B5%E3%83%B3%E3%83%88%E3%83%AA%E3%83%BC-%E3%83%81%E3%83%A5%E3%83%BC%E3%83%8F%E3%82%A4-%E3%81%93%E3%81%8F%E3%81%97%E3%81%BC%E3%82%8A-%E8%8A%B3%E9%86%87%E3%81%B6%E3%81%A9%E3%81%86-350ml%C3%9724%E6%9C%AC/dp/B00VORNGCM,オンライン通販のAmazon公式サイトなら、サントリー チューハイ こくしぼり 芳醇ぶどう 350ml×24本を 食品・飲料・お酒ストアで、いつでもお安く。当日お急ぎ便対象商品は、当日お届け可能です。アマゾン配送商品は、通常送料無料。
鳥越ぶどう園 – こころ | 薩摩川内観光物産ガイド,https://satsumasendai.gr.jp/spotlist/2342/,掲載情報は2017年8月1日現在のものです。現在の内容と異なる場合がありますので、あらかじめご了承ください。情報提供・間違いを報告する · 体験したい · 樋脇. 鳥越ぶどう園. とりごえぶどうえん. 品名:ぶどう(巨峰) 時期:7月下旬～8月下旬. Facebook · Twitter. 人気スポットランキング. 1. 新田神社. 2. 入来温泉湯之山館. 3. 西郷隆盛愛犬ツンの銅像. 4. 藤川天神(臥竜梅). 5. 川内戦国村(一時閉館中). 旬の薩摩川内をメルマガでも! 登録解除はこちらから. このエリアのオススメのスポット Related Spot. 食べたい ...
葡萄10 - 葡萄（ぶどう）の基本性格｜FORTUNE（占い）｜ SPUR,https://spur.hpplus.jp/fortune/fruitfortune_character/201704/03/QiGUSUY/,2017/04/03 - プルンとした小粒の実を集めて、ギッシリとたわわに実る葡萄。あなたは、そんな葡萄のように、小さな経験やささやかな思いを大切に積み重ねていくことで、自分なりの個性や魅力を作り上げていく人です。 敏感で、物事を深く考えるため、何事にも慎重。そのために、やや臆病で、何でも少しずつ自分のものにしていく、スローなタイプ。新しいことや突発的な出来事には、うまく対処できなかったり、“始まりに弱い&rd...
気分は秋！ スタバ新作フラペチーノはぶどうを食べてるような果実感【実食 ...,http://joshiplus.jp/gourmet/news/2096404/full/,2017/08/30 - スターバックスから、まもなく訪れる秋を一足早く感じられるフラぺチーノが、9月1日より登場する。秋の味覚のひとつ、ぶどうを主役にした『グレーピー グレープ ＆ ティー ジェリー フラペチーノ』。ぷるっとしたジェリーと、グレープベリー果肉の織り...
銀のぶどう,http://www.ginnobudo.jp/,ふわっとみずみずしいチーズケーキ「かご盛り 白らら」など、季節感や素材にこだわったオリジナル商品の数々をご紹介します。
ぶどうEXPO2017 ｜ 笛吹市商工会,http://fuefuki-shokokai.jp/budou-expo/,日本一のぶどうの郷でおいしく楽しく。日本一のぶどうの郷、笛吹市では9月1日から11月12日までぶどうEXPO2017を開催します。
ぶどう亭 （ブドウテイ） - 本郷三丁目/洋食 [食べログ],https://tabelog.com/tokyo/A1310/A131004/13021955/,ぶどう亭/ブドウテイ (本郷三丁目/洋食)の店舗情報は食べログでチェック！ 【喫煙可】口コミや評価、写真など、ユーザーによるリアルな情報が満載です！地図や料理メニューなどの詳細情報も充実。
ぶどうの木 - 下北条/喫茶店 [食べログ] - 東伯郡,https://tabelog.com/tottori/A3102/A310202/31001147/,ぶどうの木 (下北条/喫茶店)の店舗情報は食べログでチェック！ 口コミや評価、写真など、ユーザーによるリアルな情報が満載です！地図や料理メニューなどの詳細情報も充実。
ぶどうの樹 | 福岡県岡垣町の健康ビュッフェレストラン 宿泊 結婚式,http://budounoki.co.jp/,福岡県岡垣町のぶどうの樹は健康ビュッフェレストラン・宿泊・お風呂・ウェディングの複合施設です。全国で野の葡萄、花葡萄、ワインスタイル、ななつの花などを運営しています。
ぶどう畑通信｜ワイナリー｜サントネージュワイン｜ワインコム｜アサヒビール,https://www.asahibeer.co.jp/enjoy/wine/ste-neige/winery/letter.html,アサヒビール「サントネージュワイン」の【サントネージュ（Saint Neige）】は、国内の厳選した産地と最適な品種にこだわった「日本ワイン」です。
福祉の店ぶどうの樹 | 宮代町社会福祉協議会,http://syakyou.org/service/budounoki,淹れたてのコーヒーとハーブティが自慢のお店です！ ぶどうの樹 Symbol 福祉の店「ぶどうの樹」は障がいをお持ちの方の職業訓練や就労の場、社会参加の場として、進修館2階と公設宮代福祉医療センター六花1階にて、喫茶店・売店を営業しています。 毎日ボランティアの方がお手伝いをしてくれて、ぶどうの樹を支えてくれています。 ありがとうございます。 一生懸命スタッフががんばって働いていますので是非立ち寄って声をかけてください。 ぶどうの樹 コンサート. たくさんの町民が集まって、コンサートが開催されること ...
長野古里ぶどう園カベルネ・ソーヴィニヨン(Grande Polaire Nagano ...,http://www.sapporobeer.jp/product/wine/LG70/index.html,日本産フルボディ赤ワイン。牛肉のステーキ、すき焼き、白カビチーズなどと合わせて。長野市北東部の自社畑「古里ぶどう園」産ぶどうを100％使用しています。カベルネ・ソーヴィニヨン種独特のアロマと樽熟成に由来するバニラ香、酸味とのバランスのとれたタンニンが特長です。新樽を贅沢に使い熟成しています。
YMCAとさぼり保育園 ぶどうの木 トップページ - 大阪YMCA,http://www.osakaymca.or.jp/school/budou/index.html,わたしはぶどうの木、あなたがたはその枝である。人がわたしにつながっており、わたしもその人につながっていれば、その人は豊かに実を結ぶ. YMCAとさぼり保育園 子育て支援センターについて; 「ぶどうの木」ってどんなところ; カレンダー. 子育て支援センターについて. 家庭・親子を支援することを考え、まず基本姿勢として「つながっていること」「つながっていただくこと」即ち、「YMCAが隣人になる」ことを掲げ、『ぶどうの木』という名称を用い、支援事業を展開します。YMCAに繋がるすべての人に支えられていることを ...
ナパ 奇跡のぶどう畑: 第二の人生で世界最高のワイナリーを造りあげた〈シェーファー〉の軌跡,https://books.google.co.jp/books?id=mPGBBAAAQBAJ&pg=PP28&lpg=PP28&dq=%E3%81%B6%E3%81%A9%E3%81%86&source=bl&ots=Ygy4_n_hgS&sig=ZdvFve0f1ID9bkapHqJRjgxLmV8&hl=ja&sa=X&ved=0ahUKEwi4xbue0dTYAhUCbrwKHQ_-BSM4KBDoAQg7MAM,これらのぶどう樹がすでに最盛期を過ぎていたということもあたけれど、なによりアメリカワインの世界が急速に変わりつつあたからだ。今後は、肥大化した大量生産の安ワインは減少し、特定の場所で特定のぶどう品種から造られる上質なワインが増加していくと思われた。つまり、数年以内に三〇エカの畑にあた古いぶどう樹をすべて植え替え、同時に、親父が必ず最良のぶどうが採れると信じていたまわりの丘陵にもぶどう樹を植えて、畑を拡大する必要があたのだ。新しく植えるぶどう品種を決断することは、親父にとて ...
御宿ぶどうや - こころの駅施設案内 - こころの駅 - いわき市,http://kokoronoeki.jp/facilities/budouya/,サービス付き高齢者向け住宅「御宿ぶどうや」は、介護サービスを提供できる高齢者向けの施設です。 食事や清掃から介護サービスまでをご希望に応じてご利用できるのが特長です。ケアマネージャーが、入居者様それぞれの状況や要望に応じて個別の利用計画を立て、それにもとづいて施設の介護スタッフがサービスを提供する仕組みになっています。 御宿ぶどうやからのお知らせ. 提供サービス. ご挨拶 · 7つのポイント · 間取り・施設仕様 · 物件概要・料金 · サービス内容 · デイサービス御宿ぶどうや · 周辺環境 · よくある ...
ぶどうのなみだ : 作品情報 - 映画.com,http://eiga.com/movie/79199/,ぶどうのなみだの作品情報。上映スケジュール、映画レビュー、予告動画。「しあわせのパン」の三島有紀子監督と主演の大泉洋が再タッグを組み、再び北海道を舞台に描いたヒューマンドラマ。北海道...
怒りのぶどう（下） - 第 3 巻 - Google ブック検索結果,https://books.google.co.jp/books?id=0SfkAAAAQBAJ&pg=PT88&lpg=PT88&dq=%E3%81%B6%E3%81%A9%E3%81%86&source=bl&ots=ARPMnOLRcU&sig=LZKNQKgtlPMArqCI4OMavF50pxs&hl=ja&sa=X&ved=0ahUKEwi4xbue0dTYAhUCbrwKHQ_-BSM4KBDoAQhNMAY,つぎに、ぶどうーーいいぶどう酒は作れそうにもないぜ。いいぶどう酒を買える人間はいないんだから。草スからぶどうをひきちぎれ、いいぶどうも、腐ったぶどうも、すずめばちがっついたぶどうも。茎もしぼっちまえ、泥も腐れもいっしょにしぼっちまうんだ。だけど、醸造樽には、ベとかびと蟻酸がついてるぜ。硫黄とタンニン酸を加えろ。醗酵の匂いは丶ぶどう酒の豊醇なかおりではなくて、腐敗と化学薬品の匂いだ。なあに、かまうものか。とにかくアルコール分はあるんだからなっ酔っぱらうことはできるさ。小さい農場主たちは、 ...
川崎市認可保育園 ぶどうの実平間園 - ぶどうの木…「育つ・育てる・育ち ...,http://budou-ki.co.jp/hirama/grape03_home.html,川崎市認可保育園 ぶどうの実平間園. image. わたしたちは、子どもたちに 「自信を持って自分を表現でき、自分と仲間を大切にし、人と繋がり合い、支え合える“ひと”」 になってほしいと願っています。 その成長の種に、私たちは、「手間を惜しまず、手をぬかず、一人ひとりをかけがえなのない存在として気持ちを受け止め、認め、暖かい眼差しで見守り、愛情をそそぎます。」 安心できる暖かい雰囲気の中で、関わり合いを大事に、一人ひとりの成長を育んでいきます。 そして、「やってみたい！」のわくわく「やりたくない！
めくらぶどうと虹 - Google ブック検索結果,https://books.google.co.jp/books?id=rhzsGMAGcWIC&pg=PP4&lpg=PP4&dq=%E3%81%B6%E3%81%A9%E3%81%86&source=bl&ots=I4XApdoE9c&sig=xvoP3ehYYwS-if2eY-RWXkjSxRA&hl=ja&sa=X&ved=0ahUKEwi4xbue0dTYAhUCbrwKHQ_-BSM4KBDoAQhWMAg,じゆえきなみそこでめくらぶどうの青じろい樹液は、はげしくはげしく波うちました。きょうひとことにじそうです。今日こそただの一言でも、虹とことばをかわしたい、邸の上の小さなめくらぶどうの木が、よるのそらに燃える青いほのおよりも、もっと強い、もっとかなしいおもいを、はるかの議〈しい蛾にささげると、ただこれだけを儘えたい、ああ、それからならば、それからならば、熱や葉が風にちぎられて、あの明るいつめたいまっ白の冬の騰りにはいっても、あるいはそのまま御れてしまってもいいのでした。「跚さん。どうか、ちょっと ...
ブドウリキュール ぶどうまんさく | 秋田の地酒「まんさくの花」 日の丸醸造 ...,http://hinomaru-sake.com/product/grape-mansaku/,ブドウリキュール ぶどうまんさく これってぶどうジュース？いいえ、ぶどうのお酒です 横手市産のぶどう「スチューベン」と白神山地で育まれた山ぶどうに、造り酒屋の吟醸麹で作った甘酒を加えて仕込んだこだわりのぶどうリキュールです。
事業所一覧-福祉型障害児入所施設ぶどうの実 | 社会福祉法人白根学園 ...,http://www.shirane.or.jp/facilities/budounomi/,横浜市旭区・鶴見区を拠点に、知的障害者・障害児の就労・生活を総合的に支援しています。施設入所・グループホームでの生活や、日中の活動・就労支援、短期入所や自立訓練など、ご本人の豊かな地域生活の実現に向けて、様々な取り組みを行っております。
イオンモール新小松公式ホームページ :: カフェぶどうの木,http://shinkomatsu-aeonmall.com/shop/detail/53,金沢市を中心にレストランやケーキショップを展開している「ぶどうの木」が、小松で提案するカフェスタイル。 定番メニューに加えて、地元の小松素材も採り入れた新しい味わいをご用意しています。 おすすめはこだ...
ぶどうのなみだ | アスミック・エース,https://www.asmik-ace.co.jp/lineup/1301,"英題（原題）, A Drop of the Grapevine. 本編尺, 117分. メインキャスト, 大泉洋／安藤裕子／染谷将太／田口トモロヲ／前野朋哉／りりィ／きたろう／小関裕太／内川蓮生／高嶋琴羽／大杉漣／江波杏子. スタッフ, 監督・脚本：三島有紀子『しあわせのパン』／音楽：安川午朗／企画：鈴井亜由美／プロデュース：森谷雄／プロデューサー：岩浪泰幸／共同プロデューサー：植村真紀／ラインプロデューサー：齋藤寛朗／撮影：月永雄太／照明：木村匡博／録音：浦田和治／美術：黒瀧きみえ／装飾：井上静香／編集：加藤 ..."
すっぱいぶどう　【日本語/英語版】 - 13 ページ - Google ブック検索結果,https://books.google.co.jp/books?id=4PG2DAAAQBAJ&pg=PA13&lpg=PA13&dq=%E3%81%B6%E3%81%A9%E3%81%86&source=bl&ots=du3SxnVln3&sig=vE28hQLItW79D3tzaABTzF6dSeM&hl=ja&sa=X&ved=0ahUKEwino72f0dTYAhVLXbwKHVLvB6c4MhDoAQg0MAM,"イソップ寓話, YellowBirdProject, ちひろ, Shizuka.Y. 1 3 もうこうなったら、ぶどうを食べるのをあきらめるしカ\ありません。しかし、どうしてもあきらめきれないきつねは。「ふん!だれがあんなぶどう、食べたいもんカい!・・そうだ、あのぶどうは、とってもすつばくて、とってもまずいにきまってらあ!ぜんぜん全然くやしくなんかないカいらなーー!」さガそう言って、きつねはまたエサを探して、装き出しました。 The fOX and the Grapes ~すつばいぶどう."
グループホームぶどうの樹 – 医療法人 城戸医院,http://kidoiin.jp/group_budou/,グループホーム ぶどうの樹. 家族のように過ごせる日々へ. 第二の我が家のホーム生きがいのあるホーム開かれたホーム家族と一つになれるホーム4つの理念に基づき、笑顔の絶えない楽しいサービスをご提供致します。 グループホームぶどうの樹 外観写真. ご見学・体験利用など随時承っておりますので、お気軽にご相談下さい。 ご相談・お問い合わせ電話番号：0942-42-1600 ...
ビタミンフルーツ 完熟ぶどう100％ PET 340g | 商品情報 | 伊藤園,https://www.itoen.co.jp/products/detail.php?id=2392,ビタミンフルーツ 完熟ぶどう100％ PET 340gの原材料、栄養成分、アレルギー物質など、商品の詳細について。
甲州市 | 第64回甲州市かつぬまぶどうまつり,http://www.city.koshu.yamanashi.jp/shisei/oshirase/detail/%E7%AC%AC64%E5%9B%9E%E7%94%B2%E5%B7%9E%E5%B8%82%E3%81%8B%E3%81%A4%E3%81%AC%E3%81%BE%E3%81%B6%E3%81%A9%E3%81%86%E3%81%BE%E3%81%A4%E3%82%8A,第64回甲州市かつぬまぶどうまつり. 2017年10月7日（土） 第64回甲州市かつぬまぶどうまつり開催(雨天決行). 市の特産であるぶどう・ワインの無料サービスをはじめ、神輿やステージでのアトラクション、. そして夜空を焦がす鳥居焼。 ぶどうまつりの原点となっているのは、昔も今も変わらず収穫に感謝する気持ちです。 勝沼の暮らしを支え続けた『ぶどう』とともに生きる生活、芽吹き、伸長、そして収穫。 その喜びをともに分かち、豊かな実りに感謝し、未来への願いも込めた収穫感謝の心は、. 今もぶどうまつりの中に脈々 ...
阿波・徳島の名物 ぶどう饅頭の日乃出本店,http://www.budoumanju.com/,阿波・徳島の名物、ぶどう饅頭で有名な日乃出本店ホームページです。穴吹町の豊かな自然に恵まれた日乃出本店菓子工場にて、吉野川の清らかな水と特製の餡を使い丁寧に蒸しあげたぶどう饅頭や他にもこだわりの材料を使った和菓子をぜひご賞味ください。
出雲ぶどうの郷 観光ぶどう園 スチューベン、ピオーネ、ブラックオリンピア ...,http://www.izumo-budounosato.jp/02kankou/,ぶどう狩り 観光ぶどう園 食べ放題. いろんな品種が食べ放題！大社観光ぶどう園. 安全、安心をモットーに、ぶどう園のスタッフが可愛がって育てたぶどうです。まず食べてみて下さい！！。 本物のぶどうに出会えて驚きの「感動」があります。 ぜひ一度、ご家族・ご友人を誘ってお出かけください。
シャトー勝沼 奇跡の出会い「ペプチドぶどう」 | 日本酒類販売株式会社 公式 ...,http://www.nishuhan.co.jp/products/private_brand/pepuchidobudou.html,株）シャトー勝沼より、ノンアルコールワイン『カツヌマ・グレープ』に続き、新たなラインナップとして、生理活性機能をもつ「発酵オリゴペプチド」を配合したエイジングケア＆健康ドリンク奇跡の出会い「ペプチドぶどう」を商品化致しました。 健康補助食品として、上質なコンコード種グレープジュースに、低分子発酵オリゴペプチドを配合し、さらに熟成させたドクダミ青汁の3つの組み合わせ（相乗作用）で、今までの美容サプリとはひと味違う贅沢な味わいの健康サポート飲料です。
五ヶ瀬ぶどうカンパチ 桜舞～AUBE～ | 株式会社 宮崎活魚センター,http://www.japan-fish.jp/menu/budou-kanpachi/,五ヶ瀬ぶどうカンパチ 桜舞～AUBE～ ：産地紹介 九州のほぼ中央、山地に抱かれた美しい夕日の里にある 五ヶ瀬町のワイナリーと黒潮洗う日向灘の恵まれた地にある 延岡市北浦町の漁業者が手を結び、 大地の香りと黒潮の恵みが融合した新しい宮崎のフルーツ魚 「五ヶ瀬ぶどうカンパチ.
きになる野菜 白ぶどう＆ほうれん草 | ヤクルト本社,http://www.yakult.co.jp/products/item0304.html,"特長, 白ぶどう果汁30％とほうれん草搾汁10％を飲みやすくブレンドした、野菜の味が苦手な方にも飲みやすい、野菜入り低果汁飲料です。 メーカー希望小売価格, 120円（税別） 価格は地域によって異なります。 商品カテゴリー, 30％ぶどう果汁入り飲料. 原材料, ぶどう、ほうれん草、果糖ぶどう液糖／酸味料、香料. 内容量, 200ml. 賞味期限, 容器天面に記載. 保存方法, 常温未開封. 容器, 紙容器 ..."
ぶどうの樹未来塾げんき塾 – 筑後市にある児童発達支援事業所 企業主導 ...,http://jidoubudou.jp/,筑後市で児童発達支援施設「未来塾」企業主導型保育所「げんき塾」のホームページ。 お子様が持つ「個性」や「自分らしさ」を受け入れ、尊重し本来持つ可能性を最大限に伸ばすお手伝いをさせていただきます。
ぶどうの早川園,http://www.budou.or.tv/,山梨県の、甲斐善光寺周辺は、おいしいブドウがとれることで知られ、 県内外から、当地にブドウをお求めにくる根強いファンも多いです。 甲府市の、甲斐善光寺参道にある早川園は、当地で最大の ブドウ狩り専門園で、世界中から、珍しくて美味しいブドウを 約40種類以上集め栽培しています｡ 色も形も大きさも異なる宝石のような世界のブドウは、ブドウ狩りの 「世界のブドウ味めぐりコース」や宅配により楽しむことができます｡ ぶどうのシーズンには、『ぶどうの宝石箱』のような当園で、 輝きを放つ、世界中のおいしい ...
知っておきたい「ぶどう」の保存方法 | 宮崎県高原町ふるさと納税,http://www.town.takaharu.lg.jp/furusato/tokusanhin/grape/1832/,2016/08/05 - ぶどうはあまり日持ちがしないぶん、保存方法が重要になってきます。いただき物などで食べきれなかったときも、正しい保存方法を知っておけば、ぶどうをおいしくいただけます。 おいしさを保つぶどうの保存とは どのようなくだものでもそうですが、ぶどうも例外ではなく、できるだけ早めに食べたほうがおいしくいただけます。しかし、
ぶどう畑さんのトラベラーページ - フォートラベル,http://4travel.jp/traveler/vineyard,4月のイースターあけにスイス旅行を考えております。まだ寒い日が多いと思うので標高の高い山のハイキングなどはもちろん考えておらず、ヨーロッパの街並みや子供（6歳）の喜びそうな場所をまわる予定です。 ガ...もっと見る. この回答は0人の人に役立ちました. 回答日：2017/12/31 10:18:46; 回答者： ぶどう畑さん; 経験：あり. quuさん スイス情報comさんでは、お子さん向けの観光地の情報も発信しているようですので、ご参考まで。 スイスでも、イタリア側は春が早いようですので、山越えして電車で雪山の景色を堪能、 ...
